<metadata xml:lang="en"><Esri><CreaDate>20240613</CreaDate><CreaTime>19090700</CreaTime><ArcGISFormat>1.0</ArcGISFormat><SyncOnce>FALSE</SyncOnce><DataProperties><itemProps><itemName Sync="TRUE">AOC101</itemName><imsContentType Sync="TRUE">002</imsContentType><itemSize Sync="TRUE">0.000</itemSize><itemLocation><linkage Sync="TRUE">file://\\DESKTOP-09GGDDA\G$\unt\summer 2024\New folder\New Folder\AOC101.shp</linkage><protocol Sync="TRUE">Local Area Network</protocol></itemLocation></itemProps><coordRef><type Sync="TRUE">Geographic</type><geogcsn Sync="TRUE">GCS_WGS_1984</geogcsn><csUnits Sync="TRUE">Angular Unit: Degree (0.017453)</csUnits><peXml Sync="TRUE">&lt;GeographicCoordinateSystem xsi:type='typens:GeographicCoordinateSystem' xmlns:xsi='http://www.w3.org/2001/XMLSchema-instance' xmlns:xs='http://www.w3.org/2001/XMLSchema' xmlns:typens='http://www.esri.com/schemas/ArcGIS/3.2.0'&gt;&lt;WKT&gt;GEOGCS[&amp;quot;GCS_WGS_1984&amp;quot;,DATUM[&amp;quot;D_WGS_1984&amp;quot;,SPHEROID[&amp;quot;WGS_1984&amp;quot;,6378137.0,298.257223563]],PRIMEM[&amp;quot;Greenwich&amp;quot;,0.0],UNIT[&amp;quot;Degree&amp;quot;,0.0174532925199433],AUTHORITY[&amp;quot;EPSG&amp;quot;,4326]]&lt;/WKT&gt;&lt;XOrigin&gt;-400&lt;/XOrigin&gt;&lt;YOrigin&gt;-400&lt;/YOrigin&gt;&lt;XYScale&gt;11258999068426.238&lt;/XYScale&gt;&lt;ZOrigin&gt;-100000&lt;/ZOrigin&gt;&lt;ZScale&gt;10000&lt;/ZScale&gt;&lt;MOrigin&gt;-100000&lt;/MOrigin&gt;&lt;MScale&gt;10000&lt;/MScale&gt;&lt;XYTolerance&gt;8.983152841195215e-09&lt;/XYTolerance&gt;&lt;ZTolerance&gt;0.001&lt;/ZTolerance&gt;&lt;MTolerance&gt;0.001&lt;/MTolerance&gt;&lt;HighPrecision&gt;true&lt;/HighPrecision&gt;&lt;LeftLongitude&gt;-180&lt;/LeftLongitude&gt;&lt;WKID&gt;4326&lt;/WKID&gt;&lt;LatestWKID&gt;4326&lt;/LatestWKID&gt;&lt;/GeographicCoordinateSystem&gt;</peXml></coordRef><lineage><Process ToolSource="d:\programs\arcgispro\Resources\ArcToolbox\toolboxes\Data Management Tools.tbx\CopyFeatures" Date="20240613" Time="190908">CopyFeatures "DCTA Bus Routes" "C:\Users\Garrett\Pictures\ne_50m_rivers_lake_centerlines\bus\DCTA Bus Routes.shp" # # # #</Process><Process ToolSource="d:\programs\arcgispro\Resources\ArcToolbox\toolboxes\Conversion Tools.tbx\ExportFeatures" Date="20240613" Time="192013">ExportFeatures "DCTA Bus Routes" "G:\unt\summer 2024\New folder\test make\test make.gdb\AOC101" # NOT_USE_ALIAS "shape_id "shape_id" true true false 254 Text 0 0,First,#,DCTA Bus Routes,shape_id,0,253;agency_id "agency_id" true true false 254 Text 0 0,First,#,DCTA Bus Routes,agency_id,0,253;route_id "route_id" true true false 254 Text 0 0,First,#,DCTA Bus Routes,route_id,0,253;route_shor "route_shor" true true false 254 Text 0 0,First,#,DCTA Bus Routes,route_shor,0,253;route_long "route_long" true true false 254 Text 0 0,First,#,DCTA Bus Routes,route_long,0,253;route_desc "route_desc" true true false 254 Text 0 0,First,#,DCTA Bus Routes,route_desc,0,253;route_type "route_type" true true false 254 Text 0 0,First,#,DCTA Bus Routes,route_type,0,253;route_url "route_url" true true false 254 Text 0 0,First,#,DCTA Bus Routes,route_url,0,253;route_colo "route_colo" true true false 254 Text 0 0,First,#,DCTA Bus Routes,route_colo,0,253;route_text "route_text" true true false 254 Text 0 0,First,#,DCTA Bus Routes,route_text,0,253;route_sort "route_sort" true true false 254 Text 0 0,First,#,DCTA Bus Routes,route_sort,0,253;min_headwa "min_headwa" true true false 254 Text 0 0,First,#,DCTA Bus Routes,min_headwa,0,253;eligibilit "eligibilit" true true false 254 Text 0 0,First,#,DCTA Bus Routes,eligibilit,0,253;continuous "continuous" true true false 254 Text 0 0,First,#,DCTA Bus Routes,continuous,0,253;continuo_1 "continuo_1" true true false 254 Text 0 0,First,#,DCTA Bus Routes,continuo_1,0,253;tts_route_ "tts_route_" true true false 254 Text 0 0,First,#,DCTA Bus Routes,tts_route_,0,253;tts_route1 "tts_route1" true true false 254 Text 0 0,First,#,DCTA Bus Routes,tts_route1,0,253;route_ty_1 "route_ty_1" true true false 254 Text 0 0,First,#,DCTA Bus Routes,route_ty_1,0,253;Shape__Len "Shape__Len" true true false 19 Double 0 0,First,#,DCTA Bus Routes,Shape__Len,-1,-1" #</Process><Process ToolSource="d:\programs\arcgispro\Resources\ArcToolbox\toolboxes\Conversion Tools.tbx\ExportFeatures" Date="20240618" Time="143727">ExportFeatures Fixed\AOC101 "G:\unt\summer 2024\New folder\New Folder\AOC101.shp" # NOT_USE_ALIAS "shape_id "shape_id" true true false 254 Text 0 0,First,#,Fixed\AOC101,shape_id,0,253;agency_id "agency_id" true true false 254 Text 0 0,First,#,Fixed\AOC101,agency_id,0,253;route_id "route_id" true true false 254 Text 0 0,First,#,Fixed\AOC101,route_id,0,253;route_shor "route_shor" true true false 254 Text 0 0,First,#,Fixed\AOC101,route_shor,0,253;route_long "route_long" true true false 254 Text 0 0,First,#,Fixed\AOC101,route_long,0,253;route_desc "route_desc" true true false 254 Text 0 0,First,#,Fixed\AOC101,route_desc,0,253;route_type "route_type" true true false 254 Text 0 0,First,#,Fixed\AOC101,route_type,0,253;route_url "route_url" true true false 254 Text 0 0,First,#,Fixed\AOC101,route_url,0,253;route_colo "route_colo" true true false 254 Text 0 0,First,#,Fixed\AOC101,route_colo,0,253;route_text "route_text" true true false 254 Text 0 0,First,#,Fixed\AOC101,route_text,0,253;route_sort "route_sort" true true false 254 Text 0 0,First,#,Fixed\AOC101,route_sort,0,253;min_headwa "min_headwa" true true false 254 Text 0 0,First,#,Fixed\AOC101,min_headwa,0,253;eligibilit "eligibilit" true true false 254 Text 0 0,First,#,Fixed\AOC101,eligibilit,0,253;continuous "continuous" true true false 254 Text 0 0,First,#,Fixed\AOC101,continuous,0,253;continuo_1 "continuo_1" true true false 254 Text 0 0,First,#,Fixed\AOC101,continuo_1,0,253;tts_route_ "tts_route_" true true false 254 Text 0 0,First,#,Fixed\AOC101,tts_route_,0,253;tts_route1 "tts_route1" true true false 254 Text 0 0,First,#,Fixed\AOC101,tts_route1,0,253;route_ty_1 "route_ty_1" true true false 254 Text 0 0,First,#,Fixed\AOC101,route_ty_1,0,253;Shape__Len "Shape__Len" true true false 8 Double 0 0,First,#,Fixed\AOC101,Shape__Len,-1,-1;Shape_Length "Shape_Length" false true true 8 Double 0 0,First,#,Fixed\AOC101,Shape_Length,-1,-1" #</Process></lineage></DataProperties><SyncDate>20240618</SyncDate><SyncTime>14372700</SyncTime><ModDate>20240618</ModDate><ModTime>14372700</ModTime></Esri><dataIdInfo><envirDesc Sync="TRUE">Microsoft Windows 10 Version 10.0 (Build 19045) ; Esri ArcGIS 13.2.2.49743</envirDesc><dataLang><languageCode value="eng" Sync="TRUE"></languageCode><countryCode value="USA" Sync="TRUE"></countryCode></dataLang><idCitation><resTitle Sync="TRUE">AOC101</resTitle><presForm><PresFormCd value="005" Sync="TRUE"></PresFormCd></presForm></idCitation><spatRpType><SpatRepTypCd value="001" Sync="TRUE"></SpatRepTypCd></spatRpType></dataIdInfo><mdLang><languageCode value="eng" Sync="TRUE"></languageCode><countryCode value="USA" Sync="TRUE"></countryCode></mdLang><mdChar><CharSetCd value="004" Sync="TRUE"></CharSetCd></mdChar><distInfo><distFormat><formatName Sync="TRUE">Shapefile</formatName></distFormat><distTranOps><transSize Sync="TRUE">0.000</transSize></distTranOps></distInfo><mdHrLv><ScopeCd value="005" Sync="TRUE"></ScopeCd></mdHrLv><mdHrLvName Sync="TRUE">dataset</mdHrLvName><refSysInfo><RefSystem><refSysID><identCode code="4326" Sync="TRUE"></identCode><idCodeSpace Sync="TRUE">EPSG</idCodeSpace><idVersion Sync="TRUE">6.2(3.0.1)</idVersion></refSysID></RefSystem></refSysInfo><spatRepInfo><VectSpatRep><geometObjs Name="AOC101"><geoObjTyp><GeoObjTypCd value="002" Sync="TRUE"></GeoObjTypCd></geoObjTyp><geoObjCnt Sync="TRUE">0</geoObjCnt></geometObjs><topLvl><TopoLevCd value="001" Sync="TRUE"></TopoLevCd></topLvl></VectSpatRep></spatRepInfo><spdoinfo><ptvctinf><esriterm Name="AOC101"><efeatyp Sync="TRUE">Simple</efeatyp><efeageom code="3" Sync="TRUE"></efeageom><esritopo Sync="TRUE">FALSE</esritopo><efeacnt Sync="TRUE">0</efeacnt><spindex Sync="TRUE">FALSE</spindex><linrefer Sync="TRUE">FALSE</linrefer></esriterm></ptvctinf></spdoinfo><eainfo><detailed Name="AOC101"><enttyp><enttypl Sync="TRUE">AOC101</enttypl><enttypt Sync="TRUE">Feature Class</enttypt><enttypc Sync="TRUE">0</enttypc></enttyp><attr><attrlabl Sync="TRUE">FID</attrlabl><attalias Sync="TRUE">FID</attalias><attrtype Sync="TRUE">OID</attrtype><attwidth Sync="TRUE">4</attwidth><atprecis Sync="TRUE">0</atprecis><attscale Sync="TRUE">0</attscale><attrdef Sync="TRUE">Internal feature number.</attrdef><attrdefs Sync="TRUE">Esri</attrdefs><attrdomv><udom Sync="TRUE">Sequential unique whole numbers that are automatically generated.</udom></attrdomv></attr><attr><attrlabl Sync="TRUE">Shape</attrlabl><attalias Sync="TRUE">Shape</attalias><attrtype Sync="TRUE">Geometry</attrtype><attwidth Sync="TRUE">0</attwidth><atprecis Sync="TRUE">0</atprecis><attscale Sync="TRUE">0</attscale><attrdef Sync="TRUE">Feature geometry.</attrdef><attrdefs Sync="TRUE">Esri</attrdefs><attrdomv><udom Sync="TRUE">Coordinates defining the features.</udom></attrdomv></attr><attr><attrlabl Sync="TRUE">shape_id</attrlabl><attalias Sync="TRUE">shape_id</attalias><attrtype Sync="TRUE">String</attrtype><attwidth Sync="TRUE">254</attwidth><atprecis Sync="TRUE">0</atprecis><attscale Sync="TRUE">0</attscale></attr><attr><attrlabl Sync="TRUE">agency_id</attrlabl><attalias Sync="TRUE">agency_id</attalias><attrtype Sync="TRUE">String</attrtype><attwidth Sync="TRUE">254</attwidth><atprecis Sync="TRUE">0</atprecis><attscale Sync="TRUE">0</attscale></attr><attr><attrlabl Sync="TRUE">route_id</attrlabl><attalias Sync="TRUE">route_id</attalias><attrtype Sync="TRUE">String</attrtype><attwidth Sync="TRUE">254</attwidth><atprecis Sync="TRUE">0</atprecis><attscale Sync="TRUE">0</attscale></attr><attr><attrlabl Sync="TRUE">route_shor</attrlabl><attalias Sync="TRUE">route_shor</attalias><attrtype Sync="TRUE">String</attrtype><attwidth Sync="TRUE">254</attwidth><atprecis Sync="TRUE">0</atprecis><attscale Sync="TRUE">0</attscale></attr><attr><attrlabl Sync="TRUE">route_long</attrlabl><attalias Sync="TRUE">route_long</attalias><attrtype Sync="TRUE">String</attrtype><attwidth Sync="TRUE">254</attwidth><atprecis Sync="TRUE">0</atprecis><attscale Sync="TRUE">0</attscale></attr><attr><attrlabl Sync="TRUE">route_desc</attrlabl><attalias Sync="TRUE">route_desc</attalias><attrtype Sync="TRUE">String</attrtype><attwidth Sync="TRUE">254</attwidth><atprecis Sync="TRUE">0</atprecis><attscale Sync="TRUE">0</attscale></attr><attr><attrlabl Sync="TRUE">route_type</attrlabl><attalias Sync="TRUE">route_type</attalias><attrtype Sync="TRUE">String</attrtype><attwidth Sync="TRUE">254</attwidth><atprecis Sync="TRUE">0</atprecis><attscale Sync="TRUE">0</attscale></attr><attr><attrlabl Sync="TRUE">route_url</attrlabl><attalias Sync="TRUE">route_url</attalias><attrtype Sync="TRUE">String</attrtype><attwidth Sync="TRUE">254</attwidth><atprecis Sync="TRUE">0</atprecis><attscale Sync="TRUE">0</attscale></attr><attr><attrlabl Sync="TRUE">route_colo</attrlabl><attalias Sync="TRUE">route_colo</attalias><attrtype Sync="TRUE">String</attrtype><attwidth Sync="TRUE">254</attwidth><atprecis Sync="TRUE">0</atprecis><attscale Sync="TRUE">0</attscale></attr><attr><attrlabl Sync="TRUE">route_text</attrlabl><attalias Sync="TRUE">route_text</attalias><attrtype Sync="TRUE">String</attrtype><attwidth Sync="TRUE">254</attwidth><atprecis Sync="TRUE">0</atprecis><attscale Sync="TRUE">0</attscale></attr><attr><attrlabl Sync="TRUE">route_sort</attrlabl><attalias Sync="TRUE">route_sort</attalias><attrtype Sync="TRUE">String</attrtype><attwidth Sync="TRUE">254</attwidth><atprecis Sync="TRUE">0</atprecis><attscale Sync="TRUE">0</attscale></attr><attr><attrlabl Sync="TRUE">min_headwa</attrlabl><attalias Sync="TRUE">min_headwa</attalias><attrtype Sync="TRUE">String</attrtype><attwidth Sync="TRUE">254</attwidth><atprecis Sync="TRUE">0</atprecis><attscale Sync="TRUE">0</attscale></attr><attr><attrlabl Sync="TRUE">eligibilit</attrlabl><attalias Sync="TRUE">eligibilit</attalias><attrtype Sync="TRUE">String</attrtype><attwidth Sync="TRUE">254</attwidth><atprecis Sync="TRUE">0</atprecis><attscale Sync="TRUE">0</attscale></attr><attr><attrlabl Sync="TRUE">continuous</attrlabl><attalias Sync="TRUE">continuous</attalias><attrtype Sync="TRUE">String</attrtype><attwidth Sync="TRUE">254</attwidth><atprecis Sync="TRUE">0</atprecis><attscale Sync="TRUE">0</attscale></attr><attr><attrlabl Sync="TRUE">continuo_1</attrlabl><attalias Sync="TRUE">continuo_1</attalias><attrtype Sync="TRUE">String</attrtype><attwidth Sync="TRUE">254</attwidth><atprecis Sync="TRUE">0</atprecis><attscale Sync="TRUE">0</attscale></attr><attr><attrlabl Sync="TRUE">tts_route_</attrlabl><attalias Sync="TRUE">tts_route_</attalias><attrtype Sync="TRUE">String</attrtype><attwidth Sync="TRUE">254</attwidth><atprecis Sync="TRUE">0</atprecis><attscale Sync="TRUE">0</attscale></attr><attr><attrlabl Sync="TRUE">tts_route1</attrlabl><attalias Sync="TRUE">tts_route1</attalias><attrtype Sync="TRUE">String</attrtype><attwidth Sync="TRUE">254</attwidth><atprecis Sync="TRUE">0</atprecis><attscale Sync="TRUE">0</attscale></attr><attr><attrlabl Sync="TRUE">route_ty_1</attrlabl><attalias Sync="TRUE">route_ty_1</attalias><attrtype Sync="TRUE">String</attrtype><attwidth Sync="TRUE">254</attwidth><atprecis Sync="TRUE">0</atprecis><attscale Sync="TRUE">0</attscale></attr><attr><attrlabl Sync="TRUE">Shape__Len</attrlabl><attalias Sync="TRUE">Shape__Len</attalias><attrtype Sync="TRUE">Double</attrtype><attwidth Sync="TRUE">19</attwidth><atprecis Sync="TRUE">0</atprecis><attscale Sync="TRUE">0</attscale></attr><attr><attrlabl Sync="TRUE">Shape_Leng</attrlabl><attalias Sync="TRUE">Shape_Leng</attalias><attrtype Sync="TRUE">Double</attrtype><attwidth Sync="TRUE">19</attwidth><atprecis Sync="TRUE">0</atprecis><attscale Sync="TRUE">0</attscale></attr></detailed></eainfo><mdDateSt Sync="TRUE">20240618</mdDateSt></metadata>
